image_id,image_path,filename,class_name,width,height,channels,file_format,file_size,md5,phash,_abs_path,class_id,duplicate_type
Image_809,test/Image_809.jpg,Image_809.jpg,UNKNOWN_TEST,224,224,3,JPEG,22303,06d474830fadbb70e80048a01cf87956,afc2c0f3f034b4ac,/home/jules/.cache/kagglehub/datasets/phucthaiv02/butterfly-image-classification/versions/4/test/Image_809.jpg,-1,exact_md5
Image_3278,train/Image_3278.jpg,Image_3278.jpg,PAINTED LADY,224,224,3,JPEG,22303,06d474830fadbb70e80048a01cf87956,afc2c0f3f034b4ac,/home/jules/.cache/kagglehub/datasets/phucthaiv02/butterfly-image-classification/versions/4/train/Image_3278.jpg,49,exact_md5
Image_3955,train/Image_3955.jpg,Image_3955.jpg,ULYSES,224,224,3,JPEG,21729,622a2284d4a8ff99ed11761ceb85e0ec,cc8bc3f0a330de33,/home/jules/.cache/kagglehub/datasets/phucthaiv02/butterfly-image-classification/versions/4/train/Image_3955.jpg,70,exact_md5
Image_6335,train/Image_6335.jpg,Image_6335.jpg,ULYSES,224,224,3,JPEG,21729,622a2284d4a8ff99ed11761ceb85e0ec,cc8bc3f0a330de33,/home/jules/.cache/kagglehub/datasets/phucthaiv02/butterfly-image-classification/versions/4/train/Image_6335.jpg,70,exact_md5
Image_5482,train/Image_5482.jpg,Image_5482.jpg,ULYSES,224,224,3,JPEG,31373,8ae85fcb8218d58ccf08a2e806748f89,cdcb701c47679d30,/home/jules/.cache/kagglehub/datasets/phucthaiv02/butterfly-image-classification/versions/4/train/Image_5482.jpg,70,exact_md5
Image_2729,train/Image_2729.jpg,Image_2729.jpg,ULYSES,224,224,3,JPEG,31373,8ae85fcb8218d58ccf08a2e806748f89,cdcb701c47679d30,/home/jules/.cache/kagglehub/datasets/phucthaiv02/butterfly-image-classification/versions/4/train/Image_2729.jpg,70,exact_md5
Image_1041,train/Image_1041.jpg,Image_1041.jpg,ULYSES,224,224,3,JPEG,31373,8ae85fcb8218d58ccf08a2e806748f89,cdcb701c47679d30,/home/jules/.cache/kagglehub/datasets/phucthaiv02/butterfly-image-classification/versions/4/train/Image_1041.jpg,70,exact_md5
Image_2453,test/Image_2453.jpg,Image_2453.jpg,UNKNOWN_TEST,224,224,3,JPEG,15690,a7b2fb60c79bb43fe7b47ed6ac410b5c,fa9e85a6a16899a9,/home/jules/.cache/kagglehub/datasets/phucthaiv02/butterfly-image-classification/versions/4/test/Image_2453.jpg,-1,exact_md5
Image_4890,train/Image_4890.jpg,Image_4890.jpg,COMMON BANDED AWL,224,224,3,JPEG,15690,a7b2fb60c79bb43fe7b47ed6ac410b5c,fa9e85a6a16899a9,/home/jules/.cache/kagglehub/datasets/phucthaiv02/butterfly-image-classification/versions/4/train/Image_4890.jpg,20,exact_md5
Image_6078,train/Image_6078.jpg,Image_6078.jpg,SOUTHERN DOGFACE,224,224,3,JPEG,22214,ebdc4531b3ed2885e0b6b8e108f3a3c3,d70588eae276f1a8,/home/jules/.cache/kagglehub/datasets/phucthaiv02/butterfly-image-classification/versions/4/train/Image_6078.jpg,66,exact_md5
Image_5333,train/Image_5333.jpg,Image_5333.jpg,SOUTHERN DOGFACE,224,224,3,JPEG,22214,ebdc4531b3ed2885e0b6b8e108f3a3c3,d70588eae276f1a8,/home/jules/.cache/kagglehub/datasets/phucthaiv02/butterfly-image-classification/versions/4/train/Image_5333.jpg,66,exact_md5
Image_125,train/Image_125.jpg,Image_125.jpg,ULYSES,224,224,3,JPEG,21060,76b722e9f4e6cca0164d74e2497878a7,8b5a94ada6a4a5c7,/home/jules/.cache/kagglehub/datasets/phucthaiv02/butterfly-image-classification/versions/4/train/Image_125.jpg,70,perceptual_phash
Image_5209,train/Image_5209.jpg,Image_5209.jpg,ULYSES,224,224,3,JPEG,15007,ababd77f38a9e1fa677edd6217433b22,8b5a94ada6a4a5c7,/home/jules/.cache/kagglehub/datasets/phucthaiv02/butterfly-image-classification/versions/4/train/Image_5209.jpg,70,perceptual_phash
Image_4622,train/Image_4622.jpg,Image_4622.jpg,BANDED PEACOCK,224,224,3,JPEG,23905,35d8fb2781a345a0226c4adf9c17e9bc,8fd385cbd33c6803,/home/jules/.cache/kagglehub/datasets/phucthaiv02/butterfly-image-classification/versions/4/train/Image_4622.jpg,7,perceptual_phash
Image_5539,train/Image_5539.jpg,Image_5539.jpg,BANDED PEACOCK,224,224,3,JPEG,23989,910e67fd911812b61944b57a75273844,8fd385cbd33c6803,/home/jules/.cache/kagglehub/datasets/phucthaiv02/butterfly-image-classification/versions/4/train/Image_5539.jpg,7,perceptual_phash
Image_559,test/Image_559.jpg,Image_559.jpg,UNKNOWN_TEST,224,224,3,JPEG,24209,734c721e15899eafb5aea8763e855ed5,934d2dd02ea3ecf0,/home/jules/.cache/kagglehub/datasets/phucthaiv02/butterfly-image-classification/versions/4/test/Image_559.jpg,-1,perceptual_phash
Image_1806,test/Image_1806.jpg,Image_1806.jpg,UNKNOWN_TEST,224,224,3,JPEG,23510,e9d7d3f2d9cfc6c24b3a71bbcb72e0b4,934d2dd02ea3ecf0,/home/jules/.cache/kagglehub/datasets/phucthaiv02/butterfly-image-classification/versions/4/test/Image_1806.jpg,-1,perceptual_phash
Image_326,train/Image_326.jpg,Image_326.jpg,CABBAGE WHITE,224,224,3,JPEG,18674,80dcaa59f071a10d136c705718b971ad,94312dcce34e33f8,/home/jules/.cache/kagglehub/datasets/phucthaiv02/butterfly-image-classification/versions/4/train/Image_326.jpg,13,perceptual_phash
Image_6143,train/Image_6143.jpg,Image_6143.jpg,CABBAGE WHITE,224,224,3,JPEG,20368,32783e77f55cd059a5fe51f1d95d356e,94312dcce34e33f8,/home/jules/.cache/kagglehub/datasets/phucthaiv02/butterfly-image-classification/versions/4/train/Image_6143.jpg,13,perceptual_phash
Image_604,test/Image_604.jpg,Image_604.jpg,UNKNOWN_TEST,224,224,3,JPEG,27151,d0d9f06db7846bba771a64de327c29e8,9e9ea529d9d67088,/home/jules/.cache/kagglehub/datasets/phucthaiv02/butterfly-image-classification/versions/4/test/Image_604.jpg,-1,perceptual_phash
Image_1627,test/Image_1627.jpg,Image_1627.jpg,UNKNOWN_TEST,224,224,3,JPEG,27201,1432528da50accf10a98b22e4b645258,9e9ea529d9d67088,/home/jules/.cache/kagglehub/datasets/phucthaiv02/butterfly-image-classification/versions/4/test/Image_1627.jpg,-1,perceptual_phash
Image_2895,train/Image_2895.jpg,Image_2895.jpg,ULYSES,224,224,3,JPEG,17053,51d778a70799cff8733388b2d891a0e5,a766c6f1190f91d8,/home/jules/.cache/kagglehub/datasets/phucthaiv02/butterfly-image-classification/versions/4/train/Image_2895.jpg,70,perceptual_phash
Image_4540,train/Image_4540.jpg,Image_4540.jpg,ULYSES,224,224,3,JPEG,14718,7bb59ad6083fe44a633dea434d4d55ba,a766c6f1190f91d8,/home/jules/.cache/kagglehub/datasets/phucthaiv02/butterfly-image-classification/versions/4/train/Image_4540.jpg,70,perceptual_phash
Image_1819,test/Image_1819.jpg,Image_1819.jpg,UNKNOWN_TEST,224,224,3,JPEG,24196,4f27fcb0020b552cd7616fbd03891844,aa0298dad6bee6e0,/home/jules/.cache/kagglehub/datasets/phucthaiv02/butterfly-image-classification/versions/4/test/Image_1819.jpg,-1,perceptual_phash
Image_5219,train/Image_5219.jpg,Image_5219.jpg,SOUTHERN DOGFACE,224,224,3,JPEG,24603,5d2d2ebf5f703226e71e2b90ab24bcb7,aa0298dad6bee6e0,/home/jules/.cache/kagglehub/datasets/phucthaiv02/butterfly-image-classification/versions/4/train/Image_5219.jpg,66,perceptual_phash
Image_6295,train/Image_6295.jpg,Image_6295.jpg,SOUTHERN DOGFACE,224,224,3,JPEG,23581,1038a5a706cbaa4cd7cc68e891a06d75,aa0298dad6bee6e0,/home/jules/.cache/kagglehub/datasets/phucthaiv02/butterfly-image-classification/versions/4/train/Image_6295.jpg,66,perceptual_phash
Image_5883,train/Image_5883.jpg,Image_5883.jpg,CLOUDED SULPHUR,224,224,3,JPEG,18595,967da2ec00f6aeb4b557d64ebdb6fbf9,ab0284aef2a7e2f8,/home/jules/.cache/kagglehub/datasets/phucthaiv02/butterfly-image-classification/versions/4/train/Image_5883.jpg,19,perceptual_phash
Image_3613,train/Image_3613.jpg,Image_3613.jpg,CLOUDED SULPHUR,224,224,3,JPEG,18567,0ab5d05522fa16ab357728ce0b233dcb,ab0284aef2a7e2f8,/home/jules/.cache/kagglehub/datasets/phucthaiv02/butterfly-image-classification/versions/4/train/Image_3613.jpg,19,perceptual_phash
Image_2414,train/Image_2414.jpg,Image_2414.jpg,CLOUDED SULPHUR,224,224,3,JPEG,23216,3e2344b69b49931ec7a7b18d47ce6437,aecac0cbd0f2d2f0,/home/jules/.cache/kagglehub/datasets/phucthaiv02/butterfly-image-classification/versions/4/train/Image_2414.jpg,19,perceptual_phash
Image_2373,test/Image_2373.jpg,Image_2373.jpg,UNKNOWN_TEST,224,224,3,JPEG,23064,9733a75745a1b4653f46d93c641ccd4f,aecac0cbd0f2d2f0,/home/jules/.cache/kagglehub/datasets/phucthaiv02/butterfly-image-classification/versions/4/test/Image_2373.jpg,-1,perceptual_phash
Image_809,test/Image_809.jpg,Image_809.jpg,UNKNOWN_TEST,224,224,3,JPEG,22303,06d474830fadbb70e80048a01cf87956,afc2c0f3f034b4ac,/home/jules/.cache/kagglehub/datasets/phucthaiv02/butterfly-image-classification/versions/4/test/Image_809.jpg,-1,perceptual_phash
Image_3278,train/Image_3278.jpg,Image_3278.jpg,PAINTED LADY,224,224,3,JPEG,22303,06d474830fadbb70e80048a01cf87956,afc2c0f3f034b4ac,/home/jules/.cache/kagglehub/datasets/phucthaiv02/butterfly-image-classification/versions/4/train/Image_3278.jpg,49,perceptual_phash
Image_2116,test/Image_2116.jpg,Image_2116.jpg,UNKNOWN_TEST,224,224,3,JPEG,25365,fa2340661a4b88c0975e1753c8bd5d7a,b78bc8f2e6362c88,/home/jules/.cache/kagglehub/datasets/phucthaiv02/butterfly-image-classification/versions/4/test/Image_2116.jpg,-1,perceptual_phash
Image_1370,test/Image_1370.jpg,Image_1370.jpg,UNKNOWN_TEST,224,224,3,JPEG,25420,304913e559e9c54862e0ed64887b3bf0,b78bc8f2e6362c88,/home/jules/.cache/kagglehub/datasets/phucthaiv02/butterfly-image-classification/versions/4/test/Image_1370.jpg,-1,perceptual_phash
Image_3866,train/Image_3866.jpg,Image_3866.jpg,METALMARK,224,224,3,JPEG,15362,c85242c717c1cfb7ea03f1575f6e8c19,b92c8ec9e2d2b163,/home/jules/.cache/kagglehub/datasets/phucthaiv02/butterfly-image-classification/versions/4/train/Image_3866.jpg,42,perceptual_phash
Image_4412,train/Image_4412.jpg,Image_4412.jpg,METALMARK,224,224,3,JPEG,15012,01cfaf8a2a23e219711649db927b97a9,b92c8ec9e2d2b163,/home/jules/.cache/kagglehub/datasets/phucthaiv02/butterfly-image-classification/versions/4/train/Image_4412.jpg,42,perceptual_phash
Image_6335,train/Image_6335.jpg,Image_6335.jpg,ULYSES,224,224,3,JPEG,21729,622a2284d4a8ff99ed11761ceb85e0ec,cc8bc3f0a330de33,/home/jules/.cache/kagglehub/datasets/phucthaiv02/butterfly-image-classification/versions/4/train/Image_6335.jpg,70,perceptual_phash
Image_3955,train/Image_3955.jpg,Image_3955.jpg,ULYSES,224,224,3,JPEG,21729,622a2284d4a8ff99ed11761ceb85e0ec,cc8bc3f0a330de33,/home/jules/.cache/kagglehub/datasets/phucthaiv02/butterfly-image-classification/versions/4/train/Image_3955.jpg,70,perceptual_phash
Image_5434,train/Image_5434.jpg,Image_5434.jpg,ULYSES,224,224,3,JPEG,27549,4baac98668bdaac461dfb901f946983c,cdcb701c47679d30,/home/jules/.cache/kagglehub/datasets/phucthaiv02/butterfly-image-classification/versions/4/train/Image_5434.jpg,70,perceptual_phash
Image_5482,train/Image_5482.jpg,Image_5482.jpg,ULYSES,224,224,3,JPEG,31373,8ae85fcb8218d58ccf08a2e806748f89,cdcb701c47679d30,/home/jules/.cache/kagglehub/datasets/phucthaiv02/butterfly-image-classification/versions/4/train/Image_5482.jpg,70,perceptual_phash
Image_1041,train/Image_1041.jpg,Image_1041.jpg,ULYSES,224,224,3,JPEG,31373,8ae85fcb8218d58ccf08a2e806748f89,cdcb701c47679d30,/home/jules/.cache/kagglehub/datasets/phucthaiv02/butterfly-image-classification/versions/4/train/Image_1041.jpg,70,perceptual_phash
Image_2729,train/Image_2729.jpg,Image_2729.jpg,ULYSES,224,224,3,JPEG,31373,8ae85fcb8218d58ccf08a2e806748f89,cdcb701c47679d30,/home/jules/.cache/kagglehub/datasets/phucthaiv02/butterfly-image-classification/versions/4/train/Image_2729.jpg,70,perceptual_phash
Image_6078,train/Image_6078.jpg,Image_6078.jpg,SOUTHERN DOGFACE,224,224,3,JPEG,22214,ebdc4531b3ed2885e0b6b8e108f3a3c3,d70588eae276f1a8,/home/jules/.cache/kagglehub/datasets/phucthaiv02/butterfly-image-classification/versions/4/train/Image_6078.jpg,66,perceptual_phash
Image_5333,train/Image_5333.jpg,Image_5333.jpg,SOUTHERN DOGFACE,224,224,3,JPEG,22214,ebdc4531b3ed2885e0b6b8e108f3a3c3,d70588eae276f1a8,/home/jules/.cache/kagglehub/datasets/phucthaiv02/butterfly-image-classification/versions/4/train/Image_5333.jpg,66,perceptual_phash
Image_1118,test/Image_1118.jpg,Image_1118.jpg,UNKNOWN_TEST,224,224,3,JPEG,35276,445c13359c8ca4ead2e88d71aff630a3,e1624d329fcccc0f,/home/jules/.cache/kagglehub/datasets/phucthaiv02/butterfly-image-classification/versions/4/test/Image_1118.jpg,-1,perceptual_phash
Image_2516,train/Image_2516.jpg,Image_2516.jpg,ADONIS,224,224,3,JPEG,35386,4509fc462b4e707d9c8448a267ea053c,e1624d329fcccc0f,/home/jules/.cache/kagglehub/datasets/phucthaiv02/butterfly-image-classification/versions/4/train/Image_2516.jpg,0,perceptual_phash
Image_5737,train/Image_5737.jpg,Image_5737.jpg,IPHICLUS SISTER,224,224,3,JPEG,28493,564c68b5ee7d1763a82fea3e15f99e42,eba5c4da9d30b262,/home/jules/.cache/kagglehub/datasets/phucthaiv02/butterfly-image-classification/versions/4/train/Image_5737.jpg,36,perceptual_phash
Image_4482,train/Image_4482.jpg,Image_4482.jpg,IPHICLUS SISTER,224,224,3,JPEG,24735,dd1094c362bf520d5ea9d055b79e06fb,eba5c4da9d30b262,/home/jules/.cache/kagglehub/datasets/phucthaiv02/butterfly-image-classification/versions/4/train/Image_4482.jpg,36,perceptual_phash
Image_2084,train/Image_2084.jpg,Image_2084.jpg,MONARCH,224,224,3,JPEG,25155,e393c973fcbf5e11dbcfba036b5aa85c,f942d0f6f7a6a028,/home/jules/.cache/kagglehub/datasets/phucthaiv02/butterfly-image-classification/versions/4/train/Image_2084.jpg,44,perceptual_phash
Image_2700,train/Image_2700.jpg,Image_2700.jpg,MONARCH,224,224,3,JPEG,24770,2019219cf9c4ac07d9871c5984578a7d,f942d0f6f7a6a028,/home/jules/.cache/kagglehub/datasets/phucthaiv02/butterfly-image-classification/versions/4/train/Image_2700.jpg,44,perceptual_phash
Image_1194,train/Image_1194.jpg,Image_1194.jpg,EASTERN COMA,224,224,3,JPEG,32327,c7acddd9f9b9e2f8f337ddabe4a58334,fa87f11e4322fb20,/home/jules/.cache/kagglehub/datasets/phucthaiv02/butterfly-image-classification/versions/4/train/Image_1194.jpg,26,perceptual_phash
Image_87,test/Image_87.jpg,Image_87.jpg,UNKNOWN_TEST,224,224,3,JPEG,32491,b4bacc0b2831f391f2f940c0ae1c8cc2,fa87f11e4322fb20,/home/jules/.cache/kagglehub/datasets/phucthaiv02/butterfly-image-classification/versions/4/test/Image_87.jpg,-1,perceptual_phash
Image_2453,test/Image_2453.jpg,Image_2453.jpg,UNKNOWN_TEST,224,224,3,JPEG,15690,a7b2fb60c79bb43fe7b47ed6ac410b5c,fa9e85a6a16899a9,/home/jules/.cache/kagglehub/datasets/phucthaiv02/butterfly-image-classification/versions/4/test/Image_2453.jpg,-1,perceptual_phash
Image_4890,train/Image_4890.jpg,Image_4890.jpg,COMMON BANDED AWL,224,224,3,JPEG,15690,a7b2fb60c79bb43fe7b47ed6ac410b5c,fa9e85a6a16899a9,/home/jules/.cache/kagglehub/datasets/phucthaiv02/butterfly-image-classification/versions/4/train/Image_4890.jpg,20,perceptual_phash
Image_4623,train/Image_4623.jpg,Image_4623.jpg,PIPEVINE SWALLOW,224,224,3,JPEG,21486,2666a0bd1c34a0e291f6fbed3465af0f,fae2ce109431f33a,/home/jules/.cache/kagglehub/datasets/phucthaiv02/butterfly-image-classification/versions/4/train/Image_4623.jpg,53,perceptual_phash
Image_6474,train/Image_6474.jpg,Image_6474.jpg,PIPEVINE SWALLOW,224,224,3,JPEG,27122,67c5353d406c8d3bdab4a8174180dd4a,fae2ce109431f33a,/home/jules/.cache/kagglehub/datasets/phucthaiv02/butterfly-image-classification/versions/4/train/Image_6474.jpg,53,perceptual_phash
Image_1524,train/Image_1524.jpg,Image_1524.jpg,SOUTHERN DOGFACE,224,224,3,JPEG,25269,8641d3b30778c228b82f9c3bfbb9ba42,fe4ac8e2f270e0b4,/home/jules/.cache/kagglehub/datasets/phucthaiv02/butterfly-image-classification/versions/4/train/Image_1524.jpg,66,perceptual_phash
Image_1584,test/Image_1584.jpg,Image_1584.jpg,UNKNOWN_TEST,224,224,3,JPEG,25268,ec48b730fad35f8b3485c203c230ed5a,fe4ac8e2f270e0b4,/home/jules/.cache/kagglehub/datasets/phucthaiv02/butterfly-image-classification/versions/4/test/Image_1584.jpg,-1,perceptual_phash
